{"cameraMode":{"drawMode":0,"name":"Shaded","section":"Shading Mode"},"sceneLighting":true,"audioPlay":false,"sceneViewState":{"showFog":true,"showMaterialUpdate":false,"showSkybox":true,"showFlares":true,"showImageEffects":true,"showParticleSystems":true,"showVisualEffectGraphs":true,"m_FxEnabled":true},"in2DMode":false,"pivot":{"x":-0.29027843475341799,"y":1.6247119903564454,"z":15.078962326049805},"rotation":{"x":0.11224475502967835,"y":-0.11103687435388565,"z":0.012362558394670487,"w":0.9873141050338745},"size":13.103419303894043,"orthographic":false}