{"cameraMode":{"drawMode":0,"name":"Shaded","section":"Shading Mode"},"sceneLighting":false,"audioPlay":false,"sceneViewState":{"showFog":true,"showMaterialUpdate":false,"showSkybox":false,"showFlares":true,"showImageEffects":true,"showParticleSystems":true},"in2DMode":false,"pivot":{"x":0.8199533820152283,"y":4.040482997894287,"z":-1.91065514087677},"rotation":{"x":0.17547005414962769,"y":0.47619110345840456,"z":-0.0977218970656395,"w":0.856122612953186},"size":0.8687102794647217,"orthographic":false}