{"cameraMode":{"drawMode":0,"name":"Shaded","section":"Shading Mode"},"sceneLighting":false,"audioPlay":false,"sceneViewState":{"showFog":true,"showMaterialUpdate":false,"showSkybox":false,"showFlares":true,"showImageEffects":true,"showParticleSystems":true},"in2DMode":false,"pivot":{"x":0.6234686970710754,"y":4.311582088470459,"z":-2.0817980766296388},"rotation":{"x":0.22291456162929536,"y":-0.32530876994132998,"z":0.0791587382555008,"w":0.915572464466095},"size":0.8678163290023804,"orthographic":false}