{"cameraMode":{"drawMode":0,"name":"Shaded","section":"Shading Mode"},"sceneLighting":false,"audioPlay":false,"sceneViewState":{"showFog":true,"showMaterialUpdate":false,"showSkybox":false,"showFlares":true,"showImageEffects":true,"showParticleSystems":true},"in2DMode":false,"pivot":{"x":1.4400285482406617,"y":4.930716037750244,"z":-2.5759809017181398},"rotation":{"x":0.21784530580043794,"y":-0.17401571571826936,"z":0.039374884217977527,"w":0.9595658183097839},"size":0.8687102794647217,"orthographic":false}