{"cameraMode":{"drawMode":0,"name":"Shaded","section":"Shading Mode"},"sceneLighting":false,"audioPlay":false,"sceneViewState":{"showFog":true,"showMaterialUpdate":false,"showSkybox":false,"showFlares":true,"showImageEffects":true,"showParticleSystems":true},"in2DMode":false,"pivot":{"x":-0.5547070503234863,"y":2.678741931915283,"z":-2.2332136631011965},"rotation":{"x":-0.32875677943229678,"y":0.35157617926597597,"z":0.1334131807088852,"w":0.8663385510444641},"size":0.866025447845459,"orthographic":false}