{"cameraMode":{"drawMode":0,"name":"Shaded","section":"Shading Mode"},"sceneLighting":false,"audioPlay":false,"sceneViewState":{"showFog":true,"showMaterialUpdate":false,"showSkybox":false,"showFlares":true,"showImageEffects":true,"showParticleSystems":true},"in2DMode":false,"pivot":{"x":0.38154998421669009,"y":3.712550163269043,"z":-1.611549973487854},"rotation":{"x":0.2966915965080261,"y":-0.4383552074432373,"z":0.15580683946609498,"w":0.834020733833313},"size":0.8687102794647217,"orthographic":false}