{"cameraMode":{"drawMode":0,"name":"Shaded","section":"Shading Mode"},"sceneLighting":false,"audioPlay":false,"sceneViewState":{"showFog":true,"showMaterialUpdate":false,"showSkybox":false,"showFlares":true,"showImageEffects":true,"showParticleSystems":true},"in2DMode":false,"pivot":{"x":2.380723714828491,"y":3.347105026245117,"z":-3.9690401554107668},"rotation":{"x":0.14622610807418824,"y":-0.2849719226360321,"z":0.044031865894794467,"w":0.9463101029396057},"size":1.1660254001617432,"orthographic":false}