{"cameraMode":{"drawMode":0,"name":"Shaded","section":"Shading Mode"},"sceneLighting":false,"audioPlay":false,"sceneViewState":{"showFog":true,"showMaterialUpdate":false,"showSkybox":false,"showFlares":true,"showImageEffects":true,"showParticleSystems":true},"in2DMode":false,"pivot":{"x":1.3486335277557374,"y":0.18983080983161927,"z":1.5490388870239258},"rotation":{"x":0.1412954032421112,"y":0.3273976743221283,"z":-0.049593236297369,"w":0.932960569858551},"size":1.4660253524780274,"orthographic":false}