{"cameraMode":{"drawMode":0,"name":"Shaded","section":"Shading Mode"},"sceneLighting":false,"audioPlay":false,"sceneViewState":{"showFog":true,"showMaterialUpdate":false,"showSkybox":false,"showFlares":true,"showImageEffects":true,"showParticleSystems":true},"in2DMode":false,"pivot":{"x":8.206945419311524,"y":-4.304011344909668,"z":32.500328063964847},"rotation":{"x":-0.5040841102600098,"y":-0.00491183390840888,"z":0.002908149268478155,"w":-0.8636769652366638},"size":2.0660252571105959,"orthographic":false}