{"cameraMode":{"drawMode":0,"name":"Shaded","section":"Shading Mode"},"sceneLighting":false,"audioPlay":false,"sceneViewState":{"showFog":true,"showMaterialUpdate":false,"showSkybox":false,"showFlares":true,"showImageEffects":true,"showParticleSystems":true},"in2DMode":false,"pivot":{"x":7.826512813568115,"y":-2.451575517654419,"z":31.921743392944337},"rotation":{"x":-0.04480518028140068,"y":-0.14603570103645326,"z":0.006651696749031544,"w":-0.9882771968841553},"size":0.8660253882408142,"orthographic":false}