{"cameraMode":{"drawMode":0,"name":"Shaded","section":"Shading Mode"},"sceneLighting":false,"audioPlay":false,"sceneViewState":{"showFog":true,"showMaterialUpdate":false,"showSkybox":false,"showFlares":true,"showImageEffects":true,"showParticleSystems":true},"in2DMode":false,"pivot":{"x":-0.9039807319641113,"y":0.9999668598175049,"z":-1.1519441604614258},"rotation":{"x":0.08905233442783356,"y":0.29280874133110049,"z":-0.027409430593252183,"w":0.9516353607177734},"size":7.071067810058594,"orthographic":false}