{"cameraMode":{"drawMode":0,"name":"Shaded","section":"Shading Mode"},"sceneLighting":false,"audioPlay":false,"sceneViewState":{"showFog":true,"showMaterialUpdate":false,"showSkybox":false,"showFlares":true,"showImageEffects":true,"showParticleSystems":true},"in2DMode":false,"pivot":{"x":-2.5244743824005129,"y":-3.7397587299346926,"z":3.8355159759521486},"rotation":{"x":0.3048122823238373,"y":-0.28918612003326418,"z":0.09769299626350403,"w":0.9022045135498047},"size":4.466025352478027,"orthographic":false}