{"cameraMode":{"drawMode":0,"name":"Shaded","section":"Shading Mode"},"sceneLighting":false,"audioPlay":false,"sceneViewState":{"showFog":true,"showMaterialUpdate":false,"showSkybox":false,"showFlares":true,"showImageEffects":true,"showParticleSystems":true},"in2DMode":false,"pivot":{"x":0.46458494663238528,"y":3.4322593212127687,"z":-1.6849546432495118},"rotation":{"x":0.1963851898908615,"y":-0.42789486050605776,"z":0.09566914290189743,"w":0.8770639896392822},"size":1.1687102317810059,"orthographic":false}