{"cameraMode":{"drawMode":0,"name":"Shaded","section":"Shading Mode"},"sceneLighting":false,"audioPlay":false,"sceneViewState":{"showFog":true,"showMaterialUpdate":false,"showSkybox":false,"showFlares":true,"showImageEffects":true,"showParticleSystems":true},"in2DMode":false,"pivot":{"x":0.4591165781021118,"y":4.215384006500244,"z":-0.3263481557369232},"rotation":{"x":0.18053996562957765,"y":-0.47002920508384707,"z":0.09885053336620331,"w":0.858333170413971},"size":0.866025447845459,"orthographic":false}