{"cameraMode":{"drawMode":0,"name":"Shaded","section":"Shading Mode"},"sceneLighting":false,"audioPlay":false,"sceneViewState":{"showFog":true,"showMaterialUpdate":false,"showSkybox":false,"showFlares":true,"showImageEffects":true,"showParticleSystems":true},"in2DMode":false,"pivot":{"x":0.03638771176338196,"y":4.087289333343506,"z":-1.5580768585205079},"rotation":{"x":0.10149361938238144,"y":0.32697978615760805,"z":-0.035468652844429019,"w":0.9389220476150513},"size":0.8687102794647217,"orthographic":false}